{"cameraMode":{"drawMode":0,"name":"Shaded","section":"Shading Mode"},"sceneLighting":true,"audioPlay":false,"sceneViewState":{"showFog":true,"showMaterialUpdate":false,"showSkybox":true,"showFlares":true,"showImageEffects":true,"showParticleSystems":true},"in2DMode":false,"pivot":{"x":0.9966759085655212,"y":1.7402361631393433,"z":-33.43186950683594},"rotation":{"x":-0.2177601009607315,"y":0.5845968723297119,"z":-0.1667168289422989,"w":-0.7635766863822937},"size":4.041658401489258,"orthographic":false}